93;1;;;;;;;;
93;1;;;;;;;;
93;1;;;;;;;;
93;1;;;;;;;;
93;1;;;;;;;;
93;1;;;;;;;;
93;1;;;;;;;;
93;1;;;;;;;;
93;1;;;;;;;;
93;1;;;;;;;;
93;1;;;;;;;;
93;1;;Spalte1;GID;SubID;ID Delta GID;ID Delta ;Delta;Spalte2
93;1;;1;93;1;18;18;92;
93;1;;2;111;19;18;18;92;
93;1;;3;129;37;18;18;92;
93;1;;4;147;55;18;18;92;
93;1;;5;165;73;18;18;92;
93;1;;6;183;91;18;18;92;
93;1;;7;201;109;18;18;92;
93;1;;8;219;127;-219;-127;92;
93;1;;;;;;;;
93;1;;;;;;;;
93;1;;;;;;;;
93;1;;;;;;;;
93;1;;;;;;;;
93;1;;;;;;;;
93;1;;;;;;;;
93;1;;;;;;;;
93;1;;;;;;;;
93;1;;;;;;;;
93;1;;;;;;;;
93;1;;;;;;;;
93;1;;;;;;;;
93;1;;;;;;;;
93;1;;;;;;;;
93;1;;;;;;;;
93;1;;;;;;;;
93;1;;;;;;;;
93;1;;;;;;;;
93;1;;;;;;;;
93;1;;;;;;;;
93;1;;;;;;;;
93;1;;;;;;;;
93;1;;;;;;;;
93;1;;;;;;;;
93;1;;;;;;;;
93;1;;;;;;;;
93;1;;;;;;;;
93;1;;;;;;;;
93;1;;;;;;;;
93;1;;;;;;;;
93;1;;;;;;;;
93;1;;;;;;;;
93;1;;;;;;;;
93;1;;;;;;;;
93;1;;;;;;;;
93;1;;;;;;;;
93;1;;;;;;;;
93;1;;;;;;;;
93;1;;;;;;;;
93;1;;;;;;;;
93;1;;;;;;;;
93;1;;;;;;;;
93;1;;;;;;;;
93;1;;;;;;;;
93;1;;;;;;;;
93;1;;;;;;;;
93;1;;;;;;;;
93;1;;;;;;;;
93;1;;;;;;;;
93;1;;;;;;;;
93;1;;;;;;;;
93;1;;;;;;;;
93;1;;;;;;;;
93;1;;;;;;;;
93;1;;;;;;;;
93;1;;;;;;;;
93;1;;;;;;;;
93;1;;;;;;;;
93;1;;;;;;;;
93;1;;;;;;;;
93;1;;;;;;;;
93;1;;;;;;;;
93;1;;;;;;;;
93;1;;;;;;;;
93;1;;;;;;;;
93;1;;;;;;;;
93;1;;;;;;;;
93;1;;;;;;;;
93;1;;;;;;;;
93;1;;;;;;;;
93;1;;;;;;;;
93;1;;;;;;;;
93;1;;;;;;;;
93;1;;;;;;;;
93;1;;;;;;;;
93;1;;;;;;;;
93;1;;;;;;;;
93;1;;;;;;;;
93;1;;;;;;;;
93;1;;;;;;;;
93;1;;;;;;;;
93;1;;;;;;;;
93;1;;;;;;;;
93;1;;;;;;;;
93;1;;;;;;;;
93;1;;;;;;;;
93;1;;;;;;;;
93;1;;;;;;;;
93;1;;;;;;;;
93;1;;;;;;;;
93;1;;;;;;;;
93;1;;;;;;;;
93;1;;;;;;;;
93;1;;;;;;;;
93;1;;;;;;;;
93;1;;;;;;;;
93;1;;;;;;93;1;
93;1;;;;;;111;19;
93;1;;;;;;129;37;
;;;;;;;147;55;
93;1;;;;;;165;73;
93;1;;;;;;183;91;
93;1;;;;;;201;109;
93;1;;;;;;219;127;
93;1;;;;;;;;
93;1;;;;;;;;
93;1;;;;;;;;
93;1;;;;;;;;
93;1;;;;;;;;
93;1;;;;;;;;
93;1;;;;;;;;
93;1;;;;;;;;
93;1;;;;;;;;
93;1;;;;;;;;
93;1;;;;;;;;
93;1;;;;;;;;
93;1;;;;;;;;
93;1;;;;;;;;
93;1;;;;;;;;
93;1;;;;;;;;
93;1;;;;;;;;
93;1;;;;;;;;
93;1;;;;;;;;
93;1;;;;;;;;
93;1;;;;;;;;
93;1;;;;;;;;
93;1;;;;;;;;
93;1;;;;;;;;
93;1;;;;;;;;
93;1;;;;;;;;
93;1;;;;;;;;
93;1;;;;;;;;
93;1;;;;;;;;
93;1;;;;;;;;
93;1;;;;;;;;
93;1;;;;;;;;
93;1;;;;;;;;
93;1;;;;;;;;
93;1;;;;;;;;
93;1;;;;;;;;
93;1;;;;;;;;
93;1;;;;;;;;
93;1;;;;;;;;
93;1;;;;;;;;
93;1;;;;;;;;
93;1;;;;;;;;
93;1;;;;;;;;
93;1;;;;;;;;
93;1;;;;;;;;
93;1;;;;;;;;
93;1;;;;;;;;
93;1;;;;;;;;
93;1;;;;;;;;
93;1;;;;;;;;
93;1;;;;;;;;
93;1;;;;;;;;
93;1;;;;;;;;
93;1;;;;;;;;
93;1;;;;;;;;
93;1;;;;;;;;
93;1;;;;;;;;
93;1;;;;;;;;
93;1;;;;;;;;
93;1;;;;;;;;
93;1;;;;;;;;
93;1;;;;;;;;
93;1;;;;;;;;
93;1;;;;;;;;
93;1;;;;;;;;
93;1;;;;;;;;
93;1;;;;;;;;
93;1;;;;;;;;
93;1;;;;;;;;
93;1;;;;;;;;
93;1;;;;;;;;
93;1;;;;;;;;
93;1;;;;;;;;
93;1;;;;;;;;
93;1;;;;;;;;
93;1;;;;;;;;
93;1;;;;;;;;
93;1;;;;;;;;
93;1;;;;;;;;
93;1;;;;;;;;
93;1;;;;;;;;
93;1;;;;;;;;
93;1;;;;;;;;
93;1;;;;;;;;
93;1;;;;;;;;
93;1;;;;;;;;
93;1;;;;;;;;
93;1;;;;;;;;
93;1;;;;;;;;
93;1;;;;;;;;
93;1;;;;;;;;
93;1;;;;;;;;
93;1;;;;;;;;
93;1;;;;;;;;
93;1;;;;;;;;
93;1;;;;;;;;
93;1;;;;;;;;
93;1;;;;;;;;
93;1;;;;;;;;
93;1;;;;;;;;
93;1;;;;;;;;
93;1;;;;;;;;
93;1;;;;;;;;
93;1;;;;;;;;
93;1;;;;;;;;
93;1;;;;;;;;
93;1;;;;;;;;
93;1;;;;;;;;
93;1;;;;;;;;
93;1;;;;;;;;
93;1;;;;;;;;
93;1;;;;;;;;
93;1;;;;;;;;
93;1;;;;;;;;
93;1;;;;;;;;
93;1;;;;;;;;
93;1;;;;;;;;
93;1;;;;;;;;
93;1;;;;;;;;
93;1;;;;;;;;
93;1;;;;;;;;
93;1;;;;;;;;
93;1;;;;;;;;
93;1;;;;;;;;
93;1;;;;;;;;
93;1;;;;;;;;
93;1;;;;;;;;
93;1;;;;;;;;
93;1;;;;;;;;
93;1;;;;;;;;
93;1;;;;;;;;
93;1;;;;;;;;
93;1;;;;;;;;
93;1;;;;;;;;
93;1;;;;;;;;
93;1;;;;;;;;
93;1;;;;;;;;
93;1;;;;;;;;
93;1;;;;;;;;
93;1;;;;;;;;
93;1;;;;;;;;
93;1;;;;;;;;
93;1;;;;;;;;
93;1;;;;;;;;
93;1;;;;;;;;
93;1;;;;;;;;
93;1;;;;;;;;
93;1;;;;;;;;
93;1;;;;;;;;
93;1;;;;;;;;
93;1;;;;;;;;
93;1;;;;;;;;
93;1;;;;;;;;
93;1;;;;;;;;
93;1;;;;;;;;
93;1;;;;;;;;
93;1;;;;;;;;
93;1;;;;;;;;
93;1;;;;;;;;
93;1;;;;;;;;
93;1;;;;;;;;
93;1;;;;;;;;
93;1;;;;;;;;
93;1;;;;;;;;
93;1;;;;;;;;
93;1;;;;;;;;
93;1;;;;;;;;
93;1;;;;;;;;
93;1;;;;;;;;
111;19;;;;;;;;
111;19;;;;;;;;
111;19;;;;;;;;
111;19;;;;;;;;
111;19;;;;;;;;
111;19;;;;;;;;
111;19;;;;;;;;
111;19;;;;;;;;
111;19;;;;;;;;
111;19;;;;;;;;
111;19;;;;;;;;
111;19;;;;;;;;
111;19;;;;;;;;
111;19;;;;;;;;
111;19;;;;;;;;
111;19;;;;;;;;
111;19;;;;;;;;
111;19;;;;;;;;
111;19;;;;;;;;
111;19;;;;;;;;
111;19;;;;;;;;
111;19;;;;;;;;
111;19;;;;;;;;
111;19;;;;;;;;
111;19;;;;;;;;
111;19;;;;;;;;
111;19;;;;;;;;
111;19;;;;;;;;
111;19;;;;;;;;
111;19;;;;;;;;
111;19;;;;;;;;
111;19;;;;;;;;
111;19;;;;;;;;
111;19;;;;;;;;
111;19;;;;;;;;
111;19;;;;;;;;
111;19;;;;;;;;
111;19;;;;;;;;
111;19;;;;;;;;
111;19;;;;;;;;
111;19;;;;;;;;
111;19;;;;;;;;
111;19;;;;;;;;
111;19;;;;;;;;
111;19;;;;;;;;
111;19;;;;;;;;
111;19;;;;;;;;
111;19;;;;;;;;
111;19;;;;;;;;
111;19;;;;;;;;
111;19;;;;;;;;
111;19;;;;;;;;
111;19;;;;;;;;
111;19;;;;;;;;
111;19;;;;;;;;
111;19;;;;;;;;
111;19;;;;;;;;
111;19;;;;;;;;
111;19;;;;;;;;
111;19;;;;;;;;
111;19;;;;;;;;
111;19;;;;;;;;
111;19;;;;;;;;
111;19;;;;;;;;
111;19;;;;;;;;
111;19;;;;;;;;
111;19;;;;;;;;
111;19;;;;;;;;
111;19;;;;;;;;
111;19;;;;;;;;
111;19;;;;;;;;
111;19;;;;;;;;
111;19;;;;;;;;
111;19;;;;;;;;
111;19;;;;;;;;
111;19;;;;;;;;
111;19;;;;;;;;
111;19;;;;;;;;
111;19;;;;;;;;
111;19;;;;;;;;
111;19;;;;;;;;
111;19;;;;;;;;
111;19;;;;;;;;
111;19;;;;;;;;
111;19;;;;;;;;
111;19;;;;;;;;
111;19;;;;;;;;
111;19;;;;;;;;
111;19;;;;;;;;
111;19;;;;;;;;
111;19;;;;;;;;
111;19;;;;;;;;
111;19;;;;;;;;
111;19;;;;;;;;
111;19;;;;;;;;
111;19;;;;;;;;
111;19;;;;;;;;
111;19;;;;;;;;
111;19;;;;;;;;
111;19;;;;;;;;
111;19;;;;;;;;
111;19;;;;;;;;
111;19;;;;;;;;
111;19;;;;;;;;
111;19;;;;;;;;
111;19;;;;;;;;
111;19;;;;;;;;
111;19;;;;;;;;
111;19;;;;;;;;
111;19;;;;;;;;
111;19;;;;;;;;
111;19;;;;;;;;
111;19;;;;;;;;
111;19;;;;;;;;
111;19;;;;;;;;
111;19;;;;;;;;
111;19;;;;;;;;
111;19;;;;;;;;
111;19;;;;;;;;
111;19;;;;;;;;
111;19;;;;;;;;
111;19;;;;;;;;
111;19;;;;;;;;
111;19;;;;;;;;
111;19;;;;;;;;
111;19;;;;;;;;
111;19;;;;;;;;
111;19;;;;;;;;
111;19;;;;;;;;
111;19;;;;;;;;
111;19;;;;;;;;
111;19;;;;;;;;
111;19;;;;;;;;
111;19;;;;;;;;
111;19;;;;;;;;
111;19;;;;;;;;
111;19;;;;;;;;
111;19;;;;;;;;
111;19;;;;;;;;
111;19;;;;;;;;
111;19;;;;;;;;
111;19;;;;;;;;
111;19;;;;;;;;
111;19;;;;;;;;
111;19;;;;;;;;
111;19;;;;;;;;
111;19;;;;;;;;
111;19;;;;;;;;
111;19;;;;;;;;
111;19;;;;;;;;
111;19;;;;;;;;
111;19;;;;;;;;
111;19;;;;;;;;
111;19;;;;;;;;
111;19;;;;;;;;
111;19;;;;;;;;
111;19;;;;;;;;
111;19;;;;;;;;
111;19;;;;;;;;
111;19;;;;;;;;
111;19;;;;;;;;
111;19;;;;;;;;
111;19;;;;;;;;
111;19;;;;;;;;
111;19;;;;;;;;
111;19;;;;;;;;
111;19;;;;;;;;
111;19;;;;;;;;
111;19;;;;;;;;
111;19;;;;;;;;
111;19;;;;;;;;
111;19;;;;;;;;
111;19;;;;;;;;
111;19;;;;;;;;
111;19;;;;;;;;
111;19;;;;;;;;
111;19;;;;;;;;
111;19;;;;;;;;
111;19;;;;;;;;
111;19;;;;;;;;
111;19;;;;;;;;
111;19;;;;;;;;
111;19;;;;;;;;
111;19;;;;;;;;
111;19;;;;;;;;
111;19;;;;;;;;
111;19;;;;;;;;
111;19;;;;;;;;
111;19;;;;;;;;
111;19;;;;;;;;
111;19;;;;;;;;
111;19;;;;;;;;
111;19;;;;;;;;
111;19;;;;;;;;
111;19;;;;;;;;
111;19;;;;;;;;
111;19;;;;;;;;
111;19;;;;;;;;
111;19;;;;;;;;
111;19;;;;;;;;
111;19;;;;;;;;
111;19;;;;;;;;
111;19;;;;;;;;
111;19;;;;;;;;
111;19;;;;;;;;
111;19;;;;;;;;
111;19;;;;;;;;
111;19;;;;;;;;
111;19;;;;;;;;
111;19;;;;;;;;
111;19;;;;;;;;
111;19;;;;;;;;
111;19;;;;;;;;
111;19;;;;;;;;
111;19;;;;;;;;
111;19;;;;;;;;
111;19;;;;;;;;
111;19;;;;;;;;
111;19;;;;;;;;
111;19;;;;;;;;
111;19;;;;;;;;
111;19;;;;;;;;
111;19;;;;;;;;
111;19;;;;;;;;
111;19;;;;;;;;
111;19;;;;;;;;
111;19;;;;;;;;
111;19;;;;;;;;
111;19;;;;;;;;
111;19;;;;;;;;
111;19;;;;;;;;
111;19;;;;;;;;
111;19;;;;;;;;
111;19;;;;;;;;
111;19;;;;;;;;
111;19;;;;;;;;
111;19;;;;;;;;
111;19;;;;;;;;
111;19;;;;;;;;
111;19;;;;;;;;
111;19;;;;;;;;
111;19;;;;;;;;
111;19;;;;;;;;
111;19;;;;;;;;
111;19;;;;;;;;
111;19;;;;;;;;
111;19;;;;;;;;
111;19;;;;;;;;
111;19;;;;;;;;
111;19;;;;;;;;
111;19;;;;;;;;
111;19;;;;;;;;
129;37;;;;;;;;
129;37;;;;;;;;
129;37;;;;;;;;
129;37;;;;;;;;
129;37;;;;;;;;
129;37;;;;;;;;
129;37;;;;;;;;
129;37;;;;;;;;
129;37;;;;;;;;
129;37;;;;;;;;
129;37;;;;;;;;
129;37;;;;;;;;
129;37;;;;;;;;
129;37;;;;;;;;
129;37;;;;;;;;
129;37;;;;;;;;
129;37;;;;;;;;
129;37;;;;;;;;
129;37;;;;;;;;
129;37;;;;;;;;
129;37;;;;;;;;
129;37;;;;;;;;
129;37;;;;;;;;
129;37;;;;;;;;
129;37;;;;;;;;
129;37;;;;;;;;
129;37;;;;;;;;
129;37;;;;;;;;
129;37;;;;;;;;
129;37;;;;;;;;
129;37;;;;;;;;
129;37;;;;;;;;
129;37;;;;;;;;
129;37;;;;;;;;
129;37;;;;;;;;
129;37;;;;;;;;
129;37;;;;;;;;
129;37;;;;;;;;
129;37;;;;;;;;
129;37;;;;;;;;
129;37;;;;;;;;
129;37;;;;;;;;
129;37;;;;;;;;
129;37;;;;;;;;
129;37;;;;;;;;
129;37;;;;;;;;
129;37;;;;;;;;
129;37;;;;;;;;
129;37;;;;;;;;
129;37;;;;;;;;
129;37;;;;;;;;
129;37;;;;;;;;
129;37;;;;;;;;
129;37;;;;;;;;
129;37;;;;;;;;
129;37;;;;;;;;
129;37;;;;;;;;
129;37;;;;;;;;
129;37;;;;;;;;
129;37;;;;;;;;
129;37;;;;;;;;
129;37;;;;;;;;
129;37;;;;;;;;
129;37;;;;;;;;
129;37;;;;;;;;
129;37;;;;;;;;
129;37;;;;;;;;
129;37;;;;;;;;
129;37;;;;;;;;
129;37;;;;;;;;
129;37;;;;;;;;
129;37;;;;;;;;
129;37;;;;;;;;
129;37;;;;;;;;
129;37;;;;;;;;
129;37;;;;;;;;
129;37;;;;;;;;
129;37;;;;;;;;
129;37;;;;;;;;
129;37;;;;;;;;
129;37;;;;;;;;
129;37;;;;;;;;
129;37;;;;;;;;
129;37;;;;;;;;
129;37;;;;;;;;
129;37;;;;;;;;
129;37;;;;;;;;
129;37;;;;;;;;
129;37;;;;;;;;
129;37;;;;;;;;
129;37;;;;;;;;
129;37;;;;;;;;
129;37;;;;;;;;
129;37;;;;;;;;
129;37;;;;;;;;
129;37;;;;;;;;
129;37;;;;;;;;
129;37;;;;;;;;
129;37;;;;;;;;
129;37;;;;;;;;
129;37;;;;;;;;
129;37;;;;;;;;
129;37;;;;;;;;
129;37;;;;;;;;
129;37;;;;;;;;
129;37;;;;;;;;
129;37;;;;;;;;
129;37;;;;;;;;
129;37;;;;;;;;
129;37;;;;;;;;
129;37;;;;;;;;
129;37;;;;;;;;
129;37;;;;;;;;
129;37;;;;;;;;
129;37;;;;;;;;
129;37;;;;;;;;
129;37;;;;;;;;
129;37;;;;;;;;
129;37;;;;;;;;
129;37;;;;;;;;
129;37;;;;;;;;
129;37;;;;;;;;
129;37;;;;;;;;
129;37;;;;;;;;
129;37;;;;;;;;
129;37;;;;;;;;
129;37;;;;;;;;
129;37;;;;;;;;
129;37;;;;;;;;
129;37;;;;;;;;
129;37;;;;;;;;
129;37;;;;;;;;
129;37;;;;;;;;
129;37;;;;;;;;
129;37;;;;;;;;
129;37;;;;;;;;
129;37;;;;;;;;
129;37;;;;;;;;
129;37;;;;;;;;
129;37;;;;;;;;
129;37;;;;;;;;
129;37;;;;;;;;
129;37;;;;;;;;
129;37;;;;;;;;
129;37;;;;;;;;
129;37;;;;;;;;
129;37;;;;;;;;
129;37;;;;;;;;
129;37;;;;;;;;
129;37;;;;;;;;
129;37;;;;;;;;
129;37;;;;;;;;
129;37;;;;;;;;
129;37;;;;;;;;
129;37;;;;;;;;
129;37;;;;;;;;
129;37;;;;;;;;
129;37;;;;;;;;
129;37;;;;;;;;
129;37;;;;;;;;
129;37;;;;;;;;
129;37;;;;;;;;
129;37;;;;;;;;
129;37;;;;;;;;
129;37;;;;;;;;
129;37;;;;;;;;
129;37;;;;;;;;
129;37;;;;;;;;
129;37;;;;;;;;
129;37;;;;;;;;
129;37;;;;;;;;
129;37;;;;;;;;
129;37;;;;;;;;
129;37;;;;;;;;
129;37;;;;;;;;
129;37;;;;;;;;
129;37;;;;;;;;
129;37;;;;;;;;
129;37;;;;;;;;
129;37;;;;;;;;
129;37;;;;;;;;
129;37;;;;;;;;
129;37;;;;;;;;
129;37;;;;;;;;
129;37;;;;;;;;
129;37;;;;;;;;
129;37;;;;;;;;
129;37;;;;;;;;
129;37;;;;;;;;
129;37;;;;;;;;
129;37;;;;;;;;
129;37;;;;;;;;
129;37;;;;;;;;
129;37;;;;;;;;
129;37;;;;;;;;
129;37;;;;;;;;
129;37;;;;;;;;
129;37;;;;;;;;
129;37;;;;;;;;
129;37;;;;;;;;
129;37;;;;;;;;
129;37;;;;;;;;
129;37;;;;;;;;
129;37;;;;;;;;
129;37;;;;;;;;
129;37;;;;;;;;
129;37;;;;;;;;
129;37;;;;;;;;
129;37;;;;;;;;
129;37;;;;;;;;
129;37;;;;;;;;
129;37;;;;;;;;
129;37;;;;;;;;
129;37;;;;;;;;
129;37;;;;;;;;
129;37;;;;;;;;
129;37;;;;;;;;
129;37;;;;;;;;
129;37;;;;;;;;
129;37;;;;;;;;
129;37;;;;;;;;
129;37;;;;;;;;
129;37;;;;;;;;
129;37;;;;;;;;
129;37;;;;;;;;
129;37;;;;;;;;
129;37;;;;;;;;
129;37;;;;;;;;
129;37;;;;;;;;
129;37;;;;;;;;
129;37;;;;;;;;
129;37;;;;;;;;
129;37;;;;;;;;
129;37;;;;;;;;
129;37;;;;;;;;
129;37;;;;;;;;
129;37;;;;;;;;
129;37;;;;;;;;
129;37;;;;;;;;
129;37;;;;;;;;
129;37;;;;;;;;
129;37;;;;;;;;
129;37;;;;;;;;
129;37;;;;;;;;
129;37;;;;;;;;
129;37;;;;;;;;
129;37;;;;;;;;
129;37;;;;;;;;
129;37;;;;;;;;
129;37;;;;;;;;
129;37;;;;;;;;
129;37;;;;;;;;
129;37;;;;;;;;
129;37;;;;;;;;
129;37;;;;;;;;
129;37;;;;;;;;
129;37;;;;;;;;
129;37;;;;;;;;
129;37;;;;;;;;
129;37;;;;;;;;
129;37;;;;;;;;
129;37;;;;;;;;
129;37;;;;;;;;
129;37;;;;;;;;
129;37;;;;;;;;
129;37;;;;;;;;
129;37;;;;;;;;
129;37;;;;;;;;
129;37;;;;;;;;
129;37;;;;;;;;
129;37;;;;;;;;
129;37;;;;;;;;
129;37;;;;;;;;
147;55;;;;;;;;
147;55;;;;;;;;
147;55;;;;;;;;
147;55;;;;;;;;
147;55;;;;;;;;
147;55;;;;;;;;
147;55;;;;;;;;
147;55;;;;;;;;
147;55;;;;;;;;
147;55;;;;;;;;
147;55;;;;;;;;
147;55;;;;;;;;
147;55;;;;;;;;
147;55;;;;;;;;
147;55;;;;;;;;
147;55;;;;;;;;
147;55;;;;;;;;
147;55;;;;;;;;
147;55;;;;;;;;
147;55;;;;;;;;
147;55;;;;;;;;
147;55;;;;;;;;
147;55;;;;;;;;
147;55;;;;;;;;
147;55;;;;;;;;
147;55;;;;;;;;
147;55;;;;;;;;
147;55;;;;;;;;
147;55;;;;;;;;
147;55;;;;;;;;
147;55;;;;;;;;
147;55;;;;;;;;
147;55;;;;;;;;
147;55;;;;;;;;
147;55;;;;;;;;
147;55;;;;;;;;
147;55;;;;;;;;
147;55;;;;;;;;
147;55;;;;;;;;
147;55;;;;;;;;
147;55;;;;;;;;
147;55;;;;;;;;
147;55;;;;;;;;
147;55;;;;;;;;
147;55;;;;;;;;
147;55;;;;;;;;
147;55;;;;;;;;
147;55;;;;;;;;
147;55;;;;;;;;
147;55;;;;;;;;
147;55;;;;;;;;
147;55;;;;;;;;
147;55;;;;;;;;
147;55;;;;;;;;
147;55;;;;;;;;
147;55;;;;;;;;
147;55;;;;;;;;
147;55;;;;;;;;
147;55;;;;;;;;
147;55;;;;;;;;
147;55;;;;;;;;
147;55;;;;;;;;
147;55;;;;;;;;
147;55;;;;;;;;
147;55;;;;;;;;
147;55;;;;;;;;
147;55;;;;;;;;
147;55;;;;;;;;
147;55;;;;;;;;
147;55;;;;;;;;
147;55;;;;;;;;
147;55;;;;;;;;
147;55;;;;;;;;
147;55;;;;;;;;
147;55;;;;;;;;
147;55;;;;;;;;
147;55;;;;;;;;
147;55;;;;;;;;
147;55;;;;;;;;
147;55;;;;;;;;
147;55;;;;;;;;
147;55;;;;;;;;
147;55;;;;;;;;
147;55;;;;;;;;
147;55;;;;;;;;
147;55;;;;;;;;
147;55;;;;;;;;
147;55;;;;;;;;
147;55;;;;;;;;
147;55;;;;;;;;
147;55;;;;;;;;
147;55;;;;;;;;
147;55;;;;;;;;
147;55;;;;;;;;
147;55;;;;;;;;
147;55;;;;;;;;
147;55;;;;;;;;
147;55;;;;;;;;
147;55;;;;;;;;
147;55;;;;;;;;
147;55;;;;;;;;
147;55;;;;;;;;
147;55;;;;;;;;
147;55;;;;;;;;
147;55;;;;;;;;
147;55;;;;;;;;
147;55;;;;;;;;
147;55;;;;;;;;
147;55;;;;;;;;
147;55;;;;;;;;
147;55;;;;;;;;
147;55;;;;;;;;
147;55;;;;;;;;
147;55;;;;;;;;
147;55;;;;;;;;
147;55;;;;;;;;
147;55;;;;;;;;
147;55;;;;;;;;
147;55;;;;;;;;
147;55;;;;;;;;
147;55;;;;;;;;
147;55;;;;;;;;
147;55;;;;;;;;
147;55;;;;;;;;
147;55;;;;;;;;
147;55;;;;;;;;
147;55;;;;;;;;
147;55;;;;;;;;
147;55;;;;;;;;
147;55;;;;;;;;
147;55;;;;;;;;
147;55;;;;;;;;
147;55;;;;;;;;
147;55;;;;;;;;
147;55;;;;;;;;
147;55;;;;;;;;
147;55;;;;;;;;
147;55;;;;;;;;
147;55;;;;;;;;
147;55;;;;;;;;
147;55;;;;;;;;
147;55;;;;;;;;
147;55;;;;;;;;
147;55;;;;;;;;
147;55;;;;;;;;
147;55;;;;;;;;
147;55;;;;;;;;
147;55;;;;;;;;
147;55;;;;;;;;
147;55;;;;;;;;
147;55;;;;;;;;
147;55;;;;;;;;
147;55;;;;;;;;
147;55;;;;;;;;
147;55;;;;;;;;
147;55;;;;;;;;
147;55;;;;;;;;
147;55;;;;;;;;
147;55;;;;;;;;
147;55;;;;;;;;
147;55;;;;;;;;
147;55;;;;;;;;
147;55;;;;;;;;
147;55;;;;;;;;
147;55;;;;;;;;
147;55;;;;;;;;
147;55;;;;;;;;
147;55;;;;;;;;
147;55;;;;;;;;
147;55;;;;;;;;
147;55;;;;;;;;
147;55;;;;;;;;
147;55;;;;;;;;
147;55;;;;;;;;
147;55;;;;;;;;
147;55;;;;;;;;
147;55;;;;;;;;
147;55;;;;;;;;
147;55;;;;;;;;
147;55;;;;;;;;
147;55;;;;;;;;
147;55;;;;;;;;
147;55;;;;;;;;
147;55;;;;;;;;
147;55;;;;;;;;
147;55;;;;;;;;
147;55;;;;;;;;
147;55;;;;;;;;
147;55;;;;;;;;
147;55;;;;;;;;
147;55;;;;;;;;
147;55;;;;;;;;
147;55;;;;;;;;
147;55;;;;;;;;
147;55;;;;;;;;
147;55;;;;;;;;
147;55;;;;;;;;
147;55;;;;;;;;
147;55;;;;;;;;
147;55;;;;;;;;
147;55;;;;;;;;
147;55;;;;;;;;
147;55;;;;;;;;
147;55;;;;;;;;
147;55;;;;;;;;
147;55;;;;;;;;
147;55;;;;;;;;
147;55;;;;;;;;
147;55;;;;;;;;
147;55;;;;;;;;
147;55;;;;;;;;
147;55;;;;;;;;
147;55;;;;;;;;
147;55;;;;;;;;
147;55;;;;;;;;
147;55;;;;;;;;
147;55;;;;;;;;
147;55;;;;;;;;
147;55;;;;;;;;
147;55;;;;;;;;
147;55;;;;;;;;
147;55;;;;;;;;
147;55;;;;;;;;
147;55;;;;;;;;
147;55;;;;;;;;
147;55;;;;;;;;
147;55;;;;;;;;
147;55;;;;;;;;
147;55;;;;;;;;
147;55;;;;;;;;
147;55;;;;;;;;
147;55;;;;;;;;
147;55;;;;;;;;
147;55;;;;;;;;
147;55;;;;;;;;
147;55;;;;;;;;
147;55;;;;;;;;
147;55;;;;;;;;
147;55;;;;;;;;
147;55;;;;;;;;
147;55;;;;;;;;
147;55;;;;;;;;
147;55;;;;;;;;
147;55;;;;;;;;
147;55;;;;;;;;
147;55;;;;;;;;
147;55;;;;;;;;
147;55;;;;;;;;
147;55;;;;;;;;
147;55;;;;;;;;
147;55;;;;;;;;
147;55;;;;;;;;
147;55;;;;;;;;
147;55;;;;;;;;
147;55;;;;;;;;
147;55;;;;;;;;
147;55;;;;;;;;
147;55;;;;;;;;
147;55;;;;;;;;
147;55;;;;;;;;
147;55;;;;;;;;
147;55;;;;;;;;
147;55;;;;;;;;
147;55;;;;;;;;
147;55;;;;;;;;
147;55;;;;;;;;
147;55;;;;;;;;
147;55;;;;;;;;
147;55;;;;;;;;
147;55;;;;;;;;
147;55;;;;;;;;
147;55;;;;;;;;
147;55;;;;;;;;
165;73;;;;;;;;
165;73;;;;;147;55;;
165;73;;;;;165;73;;
165;73;;;;;;;;
165;73;;;;;;;;
165;73;;;;;;;;
165;73;;;;;;;;
165;73;;;;;;;;
165;73;;;;;;;;
165;73;;;;;;;;
165;73;;;;;;;;
165;73;;;;;;;;
165;73;;;;;;;;
165;73;;;;;;;;
165;73;;;;;;;;
165;73;;;;;;;;
165;73;;;;;;;;
165;73;;;;;;;;
165;73;;;;;;;;
165;73;;;;;;;;
165;73;;;;;;;;
165;73;;;;;;;;
165;73;;;;;;;;
165;73;;;;;;;;
165;73;;;;;;;;
165;73;;;;;;;;
165;73;;;;;;;;
165;73;;;;;;;;
165;73;;;;;;;;
165;73;;;;;;;;
165;73;;;;;;;;
165;73;;;;;;;;
165;73;;;;;;;;
165;73;;;;;;;;
165;73;;;;;;;;
165;73;;;;;;;;
165;73;;;;;;;;
165;73;;;;;;;;
165;73;;;;;;;;
165;73;;;;;;;;
165;73;;;;;;;;
165;73;;;;;;;;
165;73;;;;;;;;
165;73;;;;;;;;
165;73;;;;;;;;
165;73;;;;;;;;
165;73;;;;;;;;
165;73;;;;;;;;
165;73;;;;;;;;
165;73;;;;;;;;
165;73;;;;;;;;
165;73;;;;;;;;
165;73;;;;;;;;
165;73;;;;;;;;
165;73;;;;;;;;
165;73;;;;;;;;
165;73;;;;;;;;
165;73;;;;;;;;
165;73;;;;;;;;
165;73;;;;;;;;
165;73;;;;;;;;
165;73;;;;;;;;
165;73;;;;;;;;
165;73;;;;;;;;
165;73;;;;;;;;
165;73;;;;;;;;
165;73;;;;;;;;
165;73;;;;;;;;
165;73;;;;;;;;
165;73;;;;;;;;
165;73;;;;;;;;
165;73;;;;;;;;
165;73;;;;;;;;
165;73;;;;;;;;
165;73;;;;;;;;
165;73;;;;;;;;
165;73;;;;;;;;
165;73;;;;;;;;
165;73;;;;;;;;
165;73;;;;;;;;
165;73;;;;;;;;
165;73;;;;;;;;
165;73;;;;;;;;
165;73;;;;;;;;
165;73;;;;;;;;
165;73;;;;;;;;
165;73;;;;;;;;
165;73;;;;;;;;
165;73;;;;;;;;
165;73;;;;;;;;
165;73;;;;;;;;
165;73;;;;;;;;
165;73;;;;;;;;
165;73;;;;;;;;
165;73;;;;;;;;
165;73;;;;;;;;
165;73;;;;;;;;
165;73;;;;;;;;
165;73;;;;;;;;
165;73;;;;;;;;
165;73;;;;;;;;
165;73;;;;;;;;
165;73;;;;;;;;
165;73;;;;;;;;
165;73;;;;;;;;
165;73;;;;;;;;
165;73;;;;;;;;
165;73;;;;;;;;
165;73;;;;;;;;
165;73;;;;;;;;
165;73;;;;;;;;
165;73;;;;;;;;
165;73;;;;;;;;
165;73;;;;;;;;
165;73;;;;;;;;
165;73;;;;;;;;
165;73;;;;;;;;
165;73;;;;;;;;
165;73;;;;;;;;
165;73;;;;;;;;
165;73;;;;;;;;
165;73;;;;;;;;
165;73;;;;;;;;
165;73;;;;;;;;
165;73;;;;;;;;
165;73;;;;;;;;
165;73;;;;;;;;
165;73;;;;;;;;
165;73;;;;;;;;
165;73;;;;;;;;
165;73;;;;;;;;
165;73;;;;;;;;
165;73;;;;;;;;
165;73;;;;;;;;
165;73;;;;;;;;
165;73;;;;;;;;
165;73;;;;;;;;
165;73;;;;;;;;
165;73;;;;;;;;
165;73;;;;;;;;
165;73;;;;;;;;
165;73;;;;;;;;
165;73;;;;;;;;
165;73;;;;;;;;
165;73;;;;;;;;
165;73;;;;;;;;
165;73;;;;;;;;
165;73;;;;;;;;
165;73;;;;;;;;
165;73;;;;;;;;
165;73;;;;;;;;
165;73;;;;;;;;
165;73;;;;;;;;
165;73;;;;;;;;
165;73;;;;;;;;
165;73;;;;;;;;
165;73;;;;;;;;
165;73;;;;;;;;
165;73;;;;;;;;
165;73;;;;;;;;
165;73;;;;;;;;
165;73;;;;;;;;
165;73;;;;;;;;
165;73;;;;;;;;
165;73;;;;;;;;
165;73;;;;;;;;
165;73;;;;;;;;
165;73;;;;;;;;
165;73;;;;;;;;
165;73;;;;;;;;
165;73;;;;;;;;
165;73;;;;;;;;
165;73;;;;;;;;
165;73;;;;;;;;
165;73;;;;;;;;
165;73;;;;;;;;
165;73;;;;;;;;
165;73;;;;;;;;
165;73;;;;;;;;
165;73;;;;;;;;
165;73;;;;;;;;
165;73;;;;;;;;
165;73;;;;;;;;
165;73;;;;;;;;
165;73;;;;;;;;
165;73;;;;;;;;
165;73;;;;;;;;
165;73;;;;;;;;
165;73;;;;;;;;
165;73;;;;;;;;
165;73;;;;;;;;
165;73;;;;;;;;
165;73;;;;;;;;
165;73;;;;;;;;
165;73;;;;;;;;
165;73;;;;;;;;
165;73;;;;;;;;
165;73;;;;;;;;
165;73;;;;;;;;
165;73;;;;;;;;
165;73;;;;;;;;
165;73;;;;;;;;
165;73;;;;;;;;
165;73;;;;;;;;
165;73;;;;;;;;
165;73;;;;;;;;
165;73;;;;;;;;
165;73;;;;;;;;
165;73;;;;;;;;
165;73;;;;;;;;
165;73;;;;;;;;
165;73;;;;;;;;
165;73;;;;;;;;
165;73;;;;;;;;
165;73;;;;;;;;
165;73;;;;;;;;
165;73;;;;;;;;
165;73;;;;;;;;
165;73;;;;;;;;
165;73;;;;;;;;
165;73;;;;;;;;
165;73;;;;;;;;
165;73;;;;;;;;
165;73;;;;;;;;
165;73;;;;;;;;
165;73;;;;;;;;
165;73;;;;;;;;
165;73;;;;;;;;
165;73;;;;;;;;
165;73;;;;;;;;
165;73;;;;;;;;
165;73;;;;;;;;
165;73;;;;;;;;
165;73;;;;;;;;
165;73;;;;;;;;
165;73;;;;;;;;
165;73;;;;;;;;
165;73;;;;;;;;
165;73;;;;;;;;
165;73;;;;;;;;
165;73;;;;;;;;
165;73;;;;;;;;
165;73;;;;;;;;
165;73;;;;;;;;
165;73;;;;;;;;
165;73;;;;;;;;
165;73;;;;;;;;
165;73;;;;;;;;
165;73;;;;;;;;
165;73;;;;;;;;
165;73;;;;;;;;
165;73;;;;;;;;
165;73;;;;;;;;
165;73;;;;;;;;
165;73;;;;;;;;
165;73;;;;;;;;
165;73;;;;;;;;
165;73;;;;;;;;
165;73;;;;;;;;
165;73;;;;;;;;
165;73;;;;;;;;
165;73;;;;;;;;
165;73;;;;;;;;
165;73;;;;;;;;
165;73;;;;;;;;
165;73;;;;;;;;
183;91;;;;;;;;
183;91;;;;;;;;
183;91;;;;;;;;
183;91;;;;;;;;
183;91;;;;;;;;
183;91;;;;;;;;
183;91;;;;;;;;
183;91;;;;;;;;
183;91;;;;;;;;
183;91;;;;;;;;
183;91;;;;;;;;
183;91;;;;;;;;
183;91;;;;;;;;
183;91;;;;;;;;
183;91;;;;;;;;
183;91;;;;;;;;
183;91;;;;;147;55;;
183;91;;;;;165;73;;
183;91;;;;;183;91;;
183;91;;;;;;;;
183;91;;;;;;;;
183;91;;;;;;;;
183;91;;;;;;;;
183;91;;;;;;;;
183;91;;;;;;;;
183;91;;;;;;;;
183;91;;;;;;;;
183;91;;;;;;;;
183;91;;;;;;;;
183;91;;;;;;;;
183;91;;;;;;;;
183;91;;;;;;;;
183;91;;;;;;;;
183;91;;;;;;;;
183;91;;;;;;;;
183;91;;;;;;;;
183;91;;;;;;;;
183;91;;;;;;;;
183;91;;;;;;;;
183;91;;;;;;;;
183;91;;;;;;;;
183;91;;;;;;;;
183;91;;;;;;;;
183;91;;;;;;;;
183;91;;;;;;;;
183;91;;;;;;;;
183;91;;;;;;;;
183;91;;;;;;;;
183;91;;;;;;;;
183;91;;;;;;;;
183;91;;;;;;;;
183;91;;;;;;;;
183;91;;;;;;;;
183;91;;;;;;;;
183;91;;;;;;;;
183;91;;;;;;;;
183;91;;;;;;;;
183;91;;;;;;;;
183;91;;;;;;;;
183;91;;;;;;;;
183;91;;;;;;;;
183;91;;;;;;;;
183;91;;;;;;;;
183;91;;;;;;;;
183;91;;;;;;;;
183;91;;;;;;;;
183;91;;;;;;;;
183;91;;;;;;;;
183;91;;;;;;;;
183;91;;;;;;;;
183;91;;;;;;;;
183;91;;;;;;;;
183;91;;;;;;;;
183;91;;;;;;;;
183;91;;;;;;;;
183;91;;;;;;;;
183;91;;;;;;;;
183;91;;;;;;;;
183;91;;;;;;;;
183;91;;;;;;;;
183;91;;;;;;;;
183;91;;;;;;;;
183;91;;;;;;;;
183;91;;;;;;;;
183;91;;;;;;;;
183;91;;;;;;;;
183;91;;;;;;;;
183;91;;;;;;;;
183;91;;;;;;;;
183;91;;;;;;;;
183;91;;;;;;;;
183;91;;;;;;;;
183;91;;;;;;;;
183;91;;;;;;;;
183;91;;;;;;;;
183;91;;;;;;;;
183;91;;;;;;;;
183;91;;;;;;;;
183;91;;;;;;;;
183;91;;;;;;;;
183;91;;;;;;;;
183;91;;;;;;;;
183;91;;;;;;;;
183;91;;;;;;;;
183;91;;;;;;;;
183;91;;;;;;;;
183;91;;;;;;;;
183;91;;;;;;;;
183;91;;;;;;;;
183;91;;;;;;;;
183;91;;;;;;;;
183;91;;;;;;;;
183;91;;;;;;;;
183;91;;;;;;;;
183;91;;;;;;;;
183;91;;;;;;;;
183;91;;;;;;;;
183;91;;;;;;;;
183;91;;;;;;;;
183;91;;;;;;;;
183;91;;;;;;;;
183;91;;;;;;;;
183;91;;;;;;;;
183;91;;;;;;;;
183;91;;;;;;;;
183;91;;;;;;;;
183;91;;;;;;;;
183;91;;;;;;;;
183;91;;;;;;;;
183;91;;;;;;;;
183;91;;;;;;;;
183;91;;;;;;;;
183;91;;;;;;;;
183;91;;;;;;;;
183;91;;;;;;;;
183;91;;;;;;;;
183;91;;;;;;;;
183;91;;;;;;;;
183;91;;;;;;;;
183;91;;;;;;;;
183;91;;;;;;;;
183;91;;;;;;;;
183;91;;;;;;;;
183;91;;;;;;;;
183;91;;;;;;;;
183;91;;;;;;;;
183;91;;;;;;;;
183;91;;;;;;;;
183;91;;;;;;;;
183;91;;;;;;;;
183;91;;;;;;;;
183;91;;;;;;;;
183;91;;;;;;;;
183;91;;;;;;;;
183;91;;;;;;;;
183;91;;;;;;;;
183;91;;;;;;;;
183;91;;;;;;;;
183;91;;;;;;;;
183;91;;;;;;;;
183;91;;;;;;;;
183;91;;;;;;;;
183;91;;;;;;;;
183;91;;;;;;;;
183;91;;;;;;;;
183;91;;;;;;;;
183;91;;;;;;;;
183;91;;;;;;;;
183;91;;;;;;;;
183;91;;;;;;;;
183;91;;;;;;;;
183;91;;;;;;;;
183;91;;;;;;;;
183;91;;;;;;;;
183;91;;;;;;;;
201;109;;;;;;;;
201;109;;;;;;;;
201;109;;;;;;;;
201;109;;;;;;;;
201;109;;;;;;;;
201;109;;;;;;;;
201;109;;;;;;;;
201;109;;;;;;;;
201;109;;;;;;147;55;
201;109;;;;;;165;73;
201;109;;;;;;183;91;
201;109;;;;;;201;109;
201;109;;;;;;;;
201;109;;;;;;;;
201;109;;;;;;;;
201;109;;;;;;;;
201;109;;;;;;;;
201;109;;;;;;;;
201;109;;;;;;;;
201;109;;;;;;;;
201;109;;;;;;;;
201;109;;;;;;;;
201;109;;;;;;;;
201;109;;;;;;;;
201;109;;;;;;;;
201;109;;;;;;;;
201;109;;;;;;;;
201;109;;;;;;;;
201;109;;;;;;;;
201;109;;;;;;;;
201;109;;;;;;;;
201;109;;;;;;;;
201;109;;;;;;;;
201;109;;;;;;;;
201;109;;;;;;;;
201;109;;;;;;;;
201;109;;;;;;;;
201;109;;;;;;;;
201;109;;;;;;;;
201;109;;;;;;;;
201;109;;;;;;;;
201;109;;;;;;;;
201;109;;;;;;;;
201;109;;;;;;;;
201;109;;;;;;;;
201;109;;;;;;;;
201;109;;;;;;;;
201;109;;;;;;;;
201;109;;;;;;;;
201;109;;;;;;;;
201;109;;;;;;;;
201;109;;;;;;;;
201;109;;;;;;;;
201;109;;;;;;;;
201;109;;;;;;;;
201;109;;;;;;;;
201;109;;;;;;;;
201;109;;;;;;;;
201;109;;;;;;;;
201;109;;;;;;;;
201;109;;;;;;;;
201;109;;;;;;;;
201;109;;;;;;;;
201;109;;;;;;;;
201;109;;;;;;;;
201;109;;;;;;;;
201;109;;;;;;;;
201;109;;;;;;;;
201;109;;;;;;;;
201;109;;;;;;;;
201;109;;;;;;;;
201;109;;;;;;;;
201;109;;;;;;;;
201;109;;;;;;;;
201;109;;;;;;;;
201;109;;;;;;;;
201;109;;;;;;;;
201;109;;;;;;;;
201;109;;;;;;;;
201;109;;;;;;;;
201;109;;;;;;;;
201;109;;;;;;;;
201;109;;;;;;;;
201;109;;;;;;;;
201;109;;;;;;;;
201;109;;;;;;;;
201;109;;;;;;;;
201;109;;;;;;;;
201;109;;;;;;;;
201;109;;;;;;;;
201;109;;;;;;;;
201;109;;;;;;;;
201;109;;;;;;;;
201;109;;;;;;;;
201;109;;;;;;;;
201;109;;;;;;;;
201;109;;;;;;;;
201;109;;;;;;;;
201;109;;;;;;;;
201;109;;;;;;;;
201;109;;;;;;;;
201;109;;;;;;;;
201;109;;;;;;;;
201;109;;;;;;;;
201;109;;;;;;;;
201;109;;;;;;;;
201;109;;;;;;;;
201;109;;;;;;;;
201;109;;;;;;;;
201;109;;;;;;;;
201;109;;;;;;;;
201;109;;;;;;;;
201;109;;;;;;;;
201;109;;;;;;;;
201;109;;;;;;;;
201;109;;;;;;;;
201;109;;;;;;;;
201;109;;;;;;;;
201;109;;;;;;;;
201;109;;;;;;;;
201;109;;;;;;;;
201;109;;;;;;;;
201;109;;;;;;;;
201;109;;;;;;;;
201;109;;;;;;;;
201;109;;;;;;;;
201;109;;;;;;;;
201;109;;;;;;;;
201;109;;;;;;;;
201;109;;;;;;;;
201;109;;;;;;;;
201;109;;;;;;;;
201;109;;;;;;;;
201;109;;;;;;;;
201;109;;;;;;;;
201;109;;;;;;;;
201;109;;;;;;;;
201;109;;;;;;;;
201;109;;;;;;;;
201;109;;;;;;;;
201;109;;;;;;;;
201;109;;;;;;;;
201;109;;;;;;;;
201;109;;;;;;;;
201;109;;;;;;;;
201;109;;;;;;;;
201;109;;;;;;;;
201;109;;;;;;;;
201;109;;;;;;;;
201;109;;;;;;;;
201;109;;;;;;;;
201;109;;;;;;;;
201;109;;;;;;;;
201;109;;;;;;;;
201;109;;;;;;;;
201;109;;;;;;;;
201;109;;;;;;;;
201;109;;;;;;;;
201;109;;;;;;;;
201;109;;;;;;;;
201;109;;;;;;;;
201;109;;;;;;;;
201;109;;;;;;;;
201;109;;;;;;;;
201;109;;;;;;;;
201;109;;;;;;;;
201;109;;;;;;;;
201;109;;;;;;;;
201;109;;;;;;;;
201;109;;;;;;;;
201;109;;;;;;;;
201;109;;;;;;;;
201;109;;;;;;;;
201;109;;;;;;;;
201;109;;;;;;;;
201;109;;;;;;;;
201;109;;;;;;;;
201;109;;;;;;;;
201;109;;;;;;;;
201;109;;;;;;;;
201;109;;;;;;;;
201;109;;;;;;;;
201;109;;;;;;;;
201;109;;;;;;;;
201;109;;;;;;;;
201;109;;;;;;;;
201;109;;;;;;;;
201;109;;;;;;;;
201;109;;;;;;;;
201;109;;;;;;;;
201;109;;;;;;;;
201;109;;;;;;;;
201;109;;;;;;;;
201;109;;;;;;;;
201;109;;;;;;;;
201;109;;;;;;;;
201;109;;;;;;;;
201;109;;;;;;;;
201;109;;;;;;;;
201;109;;;;;;;;
201;109;;;;;;;;
201;109;;;;;;;;
201;109;;;;;;;;
201;109;;;;;;;;
201;109;;;;;;;;
201;109;;;;;;;;
201;109;;;;;;;;
201;109;;;;;;;;
201;109;;;;;;;;
201;109;;;;;;;;
201;109;;;;;;;;
201;109;;;;;;;;
201;109;;;;;;;;
201;109;;;;;;;;
201;109;;;;;;;;
201;109;;;;;;;;
201;109;;;;;;;;
201;109;;;;;;;;
201;109;;;;;;;;
201;109;;;;;;;;
201;109;;;;;;;;
201;109;;;;;;;;
201;109;;;;;;;;
201;109;;;;;;;;
201;109;;;;;;;;
201;109;;;;;;;;
201;109;;;;;;;;
201;109;;;;;;;;
201;109;;;;;;;;
201;109;;;;;;;;
201;109;;;;;;;;
201;109;;;;;;;;
201;109;;;;;;;;
201;109;;;;;;;;
201;109;;;;;;;;
201;109;;;;;;;;
201;109;;;;;;;;
201;109;;;;;;;;
201;109;;;;;;;;
201;109;;;;;;;;
201;109;;;;;;;;
201;109;;;;;;;;
201;109;;;;;;;;
201;109;;;;;;;;
201;109;;;;;;;;
201;109;;;;;;;;
201;109;;;;;;;;
201;109;;;;;;;;
201;109;;;;;;;;
201;109;;;;;;;;
201;109;;;;;;;;
201;109;;;;;;;;
201;109;;;;;;;;
201;109;;;;;;;;
201;109;;;;;;;;
201;109;;;;;;;;
201;109;;;;;;;;
201;109;;;;;;;;
201;109;;;;;;;;
219;127;;;;;;;;
219;127;;;;;;;;
219;127;;;;;;;;
219;127;;;;;;;;
219;127;;;;;;;;
219;127;;;;;;;;
219;127;;;;;;;;
219;127;;;;;;;;
219;127;;;;;;;;
219;127;;;;;;;;
219;127;;;;;;;;
219;127;;;;;147;55;;
219;127;;;;;165;73;;
219;127;;;;;183;91;;
219;127;;;;;201;109;;
219;127;;;;;219;127;;
219;127;;;;;;;;
219;127;;;;;;;;
219;127;;;;;;;;
219;127;;;;;;;;
219;127;;;;;;;;
219;127;;;;;;;;
219;127;;;;;;;;
219;127;;;;;;;;
219;127;;;;;;;;
219;127;;;;;;;;
219;127;;;;;;;;
219;127;;;;;;;;
219;127;;;;;;;;
219;127;;;;;;;;
219;127;;;;;;;;
219;127;;;;;;;;
219;127;;;;;;;;
219;127;;;;;;;;
219;127;;;;;;;;
219;127;;;;;;;;
219;127;;;;;;;;
219;127;;;;;;;;
219;127;;;;;;;;
219;127;;;;;;;;
219;127;;;;;;;;
219;127;;;;;;;;
